Id,Neighborhood,lat,lon,price
1,CollgCr,42.020115808507,-93.6616014887145,208500
2,Veenker,42.039753403198205,-93.6413560664283,181500
3,CollgCr,42.01871794050853,-93.66120555459369,223500
4,Crawfor,42.0149070114868,-93.58949357333414,140000
5,NoRidge,42.051758479643226,-93.65284928146026,250000
6,Mitchel,41.991001996529405,-93.60537226767559,143000
7,Somerst,42.05169934087897,-93.63978213949817,307000
8,NWAmes,42.04412171225507,-93.63273639711103,200000
9,OldTown,42.03192571985573,-93.61452038213284,129900
10,BrkSide,42.03343576356725,-93.62758147022822,118000
11,Sawyer,42.03071651396439,-93.67038823760662,129500
12,NridgHt,42.057836308132075,-93.65679295013993,345000
13,Sawyer,42.03481256761656,-93.67224591648886,144000
14,CollgCr,42.01968256355634,-93.6658169547766,279500
15,NAmes,42.038820021337024,-93.61757794460677,157000
16,BrkSide,42.0333764932319,-93.62698180478691,132000
17,NAmes,42.04477942435383,-93.61609381822272,149000
18,Sawyer,42.03169476083998,-93.67597405064362,90000
19,SawyerW,42.034071479664945,-93.68655784998045,159000
20,NAmes,42.04076015639377,-93.62454609930387,139000
21,NridgHt,42.06471162499848,-93.66197075799344,325300
22,IDOTRR,42.01966295229283,-93.62243634682811,139400
23,CollgCr,42.019152539656076,-93.66069316740666,230000
24,MeadowV,41.99181788151308,-93.60470126686438,129900
25,Sawyer,42.03418534844734,-93.67845904411706,154000
26,NridgHt,42.062128013245406,-93.65661688247364,256300
27,NAmes,42.04642444661105,-93.62258858967324,134800
28,NridgHt,42.0597971341029,-93.64795109301662,306000
29,NAmes,42.047565787532385,-93.61919966385277,207500
30,BrkSide,42.028724972288565,-93.62838733117903,68500
31,IDOTRR,42.02149882267106,-93.62198564158402,40000
32,Sawyer,42.033704112234645,-93.67585536883507,149350
33,CollgCr,42.017855028121645,-93.66456031135627,179900
34,NAmes,42.03945566769047,-93.62509047313893,165500
35,NridgHt,42.06353242235615,-93.6566370966535,277500
36,NridgHt,42.06453306978276,-93.6512168213129,309000
37,CollgCr,42.018659901644526,-93.6675430358697,145000
38,NAmes,42.04165499561172,-93.61666677795759,153000
39,NAmes,42.039223488240545,-93.6223298600346,109000
40,Edwards,42.02376449545984,-93.65284301683927,82000
41,NAmes,42.045088013306156,-93.6197935927599,160000
42,Timber,42.00049224168399,-93.64662790220855,170000
43,SawyerW,42.036572236767654,-93.68336137072652,144000
44,CollgCr,42.01909435713416,-93.66829005532618,130250
45,NAmes,42.04241993179638,-93.61659876531684,141000
46,NridgHt,42.05701272605857,-93.64539405357156,319900
47,Mitchel,41.992096253104116,-93.60774513285114,239686
48,Somerst,42.0482787276478,-93.63694850265786,249700
49,OldTown,42.03353763076878,-93.61276755862596,113000
50,Sawyer,42.0343093394356,-93.67501184749237,127000
51,Gilbert,42.10806920953873,-93.64348303990899,177000
52,BrkSide,42.030798871904395,-93.62638307724454,114500
53,IDOTRR,42.02252850566089,-93.62429308949223,110000
54,Veenker,42.04259377158281,-93.64092660455646,385000
55,NAmes,42.04507448758002,-93.62402184776339,130000
56,NAmes,42.043665169300546,-93.61518278162544,180500
57,Somerst,42.0475481562115,-93.63855767052681,172500
58,CollgCr,42.02227540049479,-93.66499121851156,196500
59,StoneBr,42.062271044106126,-93.62880546144842,438780
60,CollgCr,42.02055708380492,-93.6640756205999,124900
61,SawyerW,42.03614470815487,-93.68423541856995,158000
62,IDOTRR,42.019428503208545,-93.6212987681668,101000
63,NridgHt,42.05991232663422,-93.64553721500513,202500
64,OldTown,42.03405052740933,-93.61273745613795,140000
65,CollgCr,42.017845675967514,-93.6653445627771,219500
66,NridgHt,42.058182304936494,-93.65433933062633,317000
67,NAmes,42.045639529891226,-93.61733802604601,180000
68,CollgCr,42.018743122177554,-93.66621294382395,226000
69,OldTown,42.032734568108005,-93.61319116746606,80000
70,ClearCr,42.03334274402835,-93.65495400076679,225000
71,NAmes,42.03988767575604,-93.61924530705599,244000
72,Mitchel,41.98905767898223,-93.61026257583538,129500
73,Gilbert,42.10567619063373,-93.65347216396424,185000
74,NAmes,42.03956039752294,-93.61549985352134,144900
75,OldTown,42.030416493825484,-93.61716968116005,107400
76,MeadowV,41.99098048146479,-93.60333486874944,91000
77,NAmes,42.04116845910138,-93.6247573445236,135750
78,BrkSide,42.02891626502681,-93.62648316987948,127000
79,Sawyer,42.03156400324045,-93.67450794724142,136500
80,OldTown,42.03230142018772,-93.61094270367077,110000
81,NAmes,42.041894101669094,-93.6234288005566,193500
82,Mitchel,41.99017286030727,-93.60821226279985,153500
83,Somerst,42.045522842762104,-93.64877933564014,245000
84,NAmes,42.04242968382519,-93.61725266693043,126500
85,Gilbert,42.10721402322977,-93.64965358819843,168500
86,NoRidge,42.05232175532461,-93.65173212869993,260000
87,Gilbert,42.09866908467017,-93.64505074110777,174000
88,Somerst,42.0513542968827,-93.6493742272244,164500
89,IDOTRR,42.021072359098255,-93.62306269078363,85000
90,CollgCr,42.01999022088733,-93.66418233821733,123600
91,NAmes,42.0403764754512,-93.62309086267656,109900
92,NAmes,42.04715066733,-93.62157760714757,98600
93,Crawfor,42.01367110993874,-93.58315101987198,163500
94,OldTown,42.029800922744855,-93.61371863091324,133900
95,CollgCr,42.01813265374717,-93.66413854284328,204750
96,Gilbert,42.102420270494065,-93.64349356709359,185000
97,CollgCr,42.01912501483747,-93.65981304353899,214000
98,Edwards,42.022471552146605,-93.66039484443242,94750
99,Edwards,42.026086915285376,-93.65342091628354,83000
100,NAmes,42.044020680154595,-93.62344325805283,128950
101,NWAmes,42.04525778903373,-93.6314804421331,205000
102,SawyerW,42.0294721855194,-93.68371743866751,178000
103,SawyerW,42.0370762086498,-93.68252728047108,118964
104,CollgCr,42.02033893526372,-93.66917367635085,198900
105,IDOTRR,42.021027209900986,-93.62546614669694,169500
106,Somerst,42.05278047328647,-93.64590422612761,250000
107,OldTown,42.03141521132549,-93.61916151664258,100000
108,OldTown,42.032597894143194,-93.61538555719622,115000
109,IDOTRR,42.02198213412563,-93.62637721291236,115000
110,NWAmes,42.03985346615126,-93.62973475388564,190000
111,Edwards,42.021298782174554,-93.65657818769265,136900
112,Gilbert,42.107276887502,-93.64475601546712,180000
113,CollgCr,42.021289704249284,-93.6633352672677,383970
114,Crawfor,42.0198898587974,-93.60844762797211,217000
115,Crawfor,42.02069661062339,-93.5867320782855,259500
116,Somerst,42.05577628245224,-93.64610420867791,176000
117,Sawyer,42.03225444643933,-93.6730486917795,139000
118,Edwards,42.02336762412003,-93.65354638890055,155000
119,SawyerW,42.032978502908634,-93.67889092187178,320000
120,CollgCr,42.018726689320076,-93.66320983083487,163990
121,ClearCr,42.031298459930866,-93.66577943705052,180000
122,IDOTRR,42.019419695832795,-93.62058797976763,100000
123,NAmes,42.04395582827083,-93.61889430610744,136000
124,SawyerW,42.03118852657695,-93.67886082059076,153900
125,NWAmes,42.043252610875875,-93.62680604227167,181000
126,IDOTRR,42.020210608762575,-93.62245393120355,84500
127,NPkVill,42.04909981202167,-93.62573698098267,128000
128,OldTown,42.02930876574413,-93.61602559904922,87000
129,NAmes,42.03929632794914,-93.62095498547959,155000
130,NAmes,42.04642323303896,-93.62000100940836,150000
131,NAmes,42.0391713427057,-93.62152043237575,226000
132,Gilbert,42.103200914163104,-93.63908049197339,244000
133,NAmes,42.045064053409924,-93.61836929454765,150750
134,Timber,42.00113054666636,-93.64931938146314,220000
135,Sawyer,42.03177454293511,-93.67032567936857,180000
136,NWAmes,42.040452528737404,-93.62908408149148,174000
137,NAmes,42.04274807992712,-93.61511139152877,143000
138,Mitchel,41.993000267579504,-93.60889563934187,171000
139,CollgCr,42.01846937512497,-93.66651778423494,230000
140,CollgCr,42.02008271304092,-93.6633560956778,231500
141,NAmes,42.04468003783623,-93.62475112410065,115000
142,CollgCr,42.02068155607277,-93.6705521738279,260000
143,NAmes,42.040336302775664,-93.61763196481348,166000
144,CollgCr,42.02000695337379,-93.66780588162747,204000
145,Sawyer,42.03575343406312,-93.66881459998788,125000
146,Edwards,42.02459260728067,-93.65711654409253,130000
147,BrkSide,42.03012707945433,-93.62753123769134,105000
148,Gilbert,42.11145488575026,-93.64165933056526,222500
149,SawyerW,42.036552459726295,-93.67924837269156,141000
150,BrkSide,42.02748561242902,-93.62473977563091,115000
151,CollgCr,42.02062942282466,-93.66459672354226,122000
152,NridgHt,42.06115895715664,-93.64889016493424,372402
153,NWAmes,42.04252221156918,-93.62981332921295,190000
154,ClearCr,42.0324277257397,-93.64892888947715,235000
155,OldTown,42.03136769385684,-93.61496720116335,125000
156,Edwards,42.02372829089477,-93.65617948284746,79000
157,NAmes,42.03993770096758,-93.62031097955817,109500
158,Timber,41.997784618112064,-93.64664870095395,269500
159,Somerst,42.04617704126814,-93.64751572328116,254900
160,Gilbert,42.09768409559957,-93.64168122244503,320000
161,Veenker,42.04382370464883,-93.64277697452762,162500
162,NridgHt,42.062826817107926,-93.65580638243196,412500
163,NridgHt,42.061404660735214,-93.65309949554933,220000
164,OldTown,42.0301280322542,-93.61898780636155,103200
165,OldTown,42.03135387757832,-93.61777010427188,152000
166,Edwards,42.0222077111034,-93.65976436116885,127500
167,ClearCr,42.029782442505464,-93.6547833082567,190000
168,NridgHt,42.06559284859247,-93.656971965048,325624
169,Gilbert,42.11031465999442,-93.65192896323697,183500
170,Timber,41.99906731175882,-93.64580447790544,228000
171,OldTown,42.03178431824316,-93.61264676004234,128500
172,NAmes,42.04444018616397,-93.61840276133348,215000
173,StoneBr,42.062507346388806,-93.63159262156405,239000
174,NAmes,42.046711862591046,-93.62088058571295,163000
175,Timber,41.99860723765848,-93.64396249587966,184000
176,Edwards,42.02264245128594,-93.65303554545623,243000
177,ClearCr,42.03201722068002,-93.65699129197881,211000
178,Sawyer,42.031245563412476,-93.67026191319884,172500
179,StoneBr,42.05746520288621,-93.63415079164709,501837
180,OldTown,42.02831251713362,-93.61218413427542,100000
181,Somerst,42.050302824435775,-93.64863871113471,177000
182,Crawfor,42.02012484486329,-93.59472463709727,200100
183,Edwards,42.02606016528284,-93.65469245509065,120000
184,OldTown,42.03306992418976,-93.61835035779079,200000
185,BrkSide,42.027933651393724,-93.62744389396032,127000
186,OldTown,42.032198205147175,-93.61316609897473,475000
187,Mitchel,41.99296654757165,-93.60207396910435,173000
188,OldTown,42.03324584197286,-93.61495719845865,135000
189,SawyerW,42.03248640995955,-93.68374853749889,153337
190,StoneBr,42.059946687942805,-93.63093459511201,286000
191,Crawfor,42.010498809139875,-93.62650344730764,315000
192,NAmes,42.047482264733766,-93.61508335546355,184000
193,CollgCr,42.01874239874762,-93.66801030392874,192000
194,Edwards,42.02298842318274,-93.65228444550537,130000
195,CollgCr,42.02065659641871,-93.65987071276075,127000
196,NPkVill,42.048280112514036,-93.62608470738685,148500
197,Somerst,42.04549302192211,-93.64490188209732,311872
198,NAmes,42.043539692783554,-93.62464649558508,235000
199,OldTown,42.02830232871988,-93.614183157268,104000
200,NridgHt,42.06142584957576,-93.65139635140264,274900
201,Edwards,42.0233936261515,-93.6549141074652,140000
202,Mitchel,41.99041508677669,-93.60311938380735,171500
203,OldTown,42.03152388434208,-93.6137721963611,112000
204,CollgCr,42.02133272411656,-93.66706503108058,149000
205,OldTown,42.02960682457482,-93.61441971541045,110000
206,Gilbert,42.0977420421067,-93.6461039291207,180500
207,Sawyer,42.032825021694784,-93.67530074158057,143900
208,NAmes,42.039882103561546,-93.62307436120022,141000
209,SawyerW,42.034338878976236,-93.68312583177077,277000
210,NAmes,42.03888193841268,-93.61513395990842,145000
211,Edwards,42.024091168628196,-93.65454512845378,98000
212,Edwards,42.02293981463641,-93.66286515964467,186000
213,Somerst,42.04812790154127,-93.64328334910653,252678
214,CollgCr,42.021660669076034,-93.66448109579107,156000
215,CollgCr,42.01852541811435,-93.66699996275123,161750
216,NAmes,42.04265949902425,-93.62424097314208,134450
217,CollgCr,42.02096262106157,-93.66540638818567,210000
218,OldTown,42.03022548991988,-93.61380471661865,107000
219,Crawfor,42.01555853505847,-93.60425046034531,311500
220,Blmngtn,42.05954372987546,-93.63985477113553,167240
221,CollgCr,42.020290536217445,-93.66577057985631,204900
222,Gilbert,42.10211806665475,-93.64791116012258,200000
223,NWAmes,42.04154443235816,-93.63222201159692,179900
224,NAmes,42.043678921318524,-93.61816254993316,97000
225,NridgHt,42.063851677229295,-93.66305964810232,386250
226,BrDale,42.05316635473558,-93.62772258713329,112000
227,NoRidge,42.04713238619598,-93.65203105902721,290000
228,BrDale,42.05181316330145,-93.63023700265494,106000
229,Sawyer,42.030590628060864,-93.67246913939017,125000
230,Blmngtn,42.06271555523679,-93.63729791287231,192500
231,NAmes,42.04439769632965,-93.62369516906709,148000
232,NoRidge,42.053451609069185,-93.65639975256718,403000
233,BrDale,42.05179540050094,-93.63275339605671,94500
234,CollgCr,42.02137071418983,-93.66149208507692,128200
235,Gilbert,42.09651750396855,-93.64676744967362,216500
236,BrDale,42.05136199262414,-93.63112851513006,89500
237,CollgCr,42.022465672963456,-93.66664166098305,185500
238,SawyerW,42.029936811817024,-93.68000185389579,194500
239,NridgHt,42.05803428194848,-93.65307802637622,318000
240,Edwards,42.02414957285184,-93.6554830033751,113000
241,Somerst,42.04798743319885,-93.64224456510466,262500
242,OldTown,42.03403945498539,-93.61955175346489,110500
243,OldTown,42.0296105482801,-93.61155533537645,79000
244,SawyerW,42.033771353891126,-93.68008264874918,120000
245,SawyerW,42.034633969990594,-93.68745729400192,205000
246,NWAmes,42.04078563789592,-93.62812893519849,241500
247,OldTown,42.02800163860866,-93.61068815514743,137000
248,NAmes,42.04679057463731,-93.61892743819753,140000
249,CollgCr,42.01839345892717,-93.66332010221284,180000
250,ClearCr,42.02998489107748,-93.66149200618926,277000
251,BrkSide,42.03006492283464,-93.62530780741918,76500
252,Crawfor,42.01532879785044,-93.61770374550596,235000
253,SawyerW,42.02999671890602,-93.67904913019738,173000
254,NAmes,42.0414863130039,-93.62422045885593,158000
255,NAmes,42.042851916650015,-93.61612745735454,145000
256,Gilbert,42.10095192394419,-93.63499601673688,230000
257,Somerst,42.05154265754601,-93.64239646185283,207500
258,CollgCr,42.017542615895465,-93.66659510233255,220000
259,CollgCr,42.01802571658824,-93.66872906815476,231500
260,OldTown,42.02823319426427,-93.62005307673924,97000
261,NAmes,42.04306214587484,-93.62030072507852,176000
262,CollgCr,42.02089124528847,-93.6636331201825,276000
263,Sawyer,42.03592842840778,-93.67778330284581,151000
264,OldTown,42.028848020588725,-93.61254464674063,130000
265,OldTown,42.03436664578765,-93.61371473372304,73000
266,NWAmes,42.04260054615911,-93.63140055813417,175500
267,Gilbert,42.10438222360896,-93.63500596703834,185000
268,SWISU,42.00902063517492,-93.65688031134502,179500
269,IDOTRR,42.02167344992426,-93.62546679474038,120500
270,Edwards,42.02126836643638,-93.6551559265168,148000
271,Somerst,42.04680617662908,-93.64496861244645,266000
272,ClearCr,42.03445759881204,-93.65792136342064,241500
273,NoRidge,42.050732854341966,-93.6527318595516,290000
274,NAmes,42.039705038299154,-93.61729110944593,139000
275,Mitchel,41.987474755995315,-93.60451394435854,124500
276,BrkSide,42.03178431135333,-93.62806497151549,205000
277,Mitchel,41.99645013625464,-93.60348802238391,201000
278,Gilbert,42.10587816600896,-93.64223006738261,141000
279,NridgHt,42.060415841077315,-93.6512624508626,415298
280,ClearCr,42.03417062110185,-93.66738471145865,192000
281,SawyerW,42.03068361211285,-93.68215928295994,228500
282,Somerst,42.046130329384034,-93.64397147287397,185000
283,NridgHt,42.065311759643045,-93.6492061680238,207500
284,Somerst,42.05415790626748,-93.6449959700159,244600
285,SawyerW,42.03374258161887,-93.6855485057596,179200
286,Somerst,42.055643122186474,-93.64313477991993,164700
287,NAmes,42.040807078872255,-93.62340913496216,159000
288,NAmes,42.0460620005284,-93.6183188506098,88000
289,Sawyer,42.03478710908396,-93.66897413492,122000
290,BrkSide,42.03422597761132,-93.62910371037712,153575
291,CollgCr,42.0193684026199,-93.66153854863616,233230
292,SWISU,42.01007709519065,-93.652564271969,135900
293,Edwards,42.022971757829666,-93.65410396948681,131000
294,NWAmes,42.04244206023991,-93.63514029532966,235000
295,NAmes,42.04515048335041,-93.61661758675758,167000
296,Mitchel,41.98919245487235,-93.60887655538275,142500
297,IDOTRR,42.02246483503063,-93.62324737544085,152000
298,Somerst,42.04559691450095,-93.64118611750992,239000
299,NWAmes,42.040880788925605,-93.63295384650117,175000
300,Crawfor,42.01288304129556,-93.59276932136977,158500
301,Crawfor,42.01094921844931,-93.63025387346289,157000
302,CollgCr,42.02243271773455,-93.6658878317831,267000
303,CollgCr,42.020308320028434,-93.66760974857836,205000
304,CollgCr,42.02058600796375,-93.6612905853762,149900
305,OldTown,42.03261663438002,-93.61729702071045,295000
306,CollgCr,42.019737375657904,-93.66877182336142,305900
307,SawyerW,42.03246213009408,-93.68048928596784,225000
308,IDOTRR,42.020268131400684,-93.62442926571424,89500
309,Edwards,42.022472659221506,-93.65616133050813,82500
310,NridgHt,42.06044320513928,-93.64682875318036,360000
311,Gilbert,42.11308247860252,-93.6404741060928,165600
312,NAmes,42.044074072839955,-93.61412880977562,132000
313,OldTown,42.02840149352292,-93.61497872058109,119900
314,Timber,41.99847309777179,-93.64494829108142,375000
315,OldTown,42.03109399064247,-93.61203756290381,178000
316,Gilbert,42.11321816061558,-93.64208685767983,188500
317,NWAmes,42.043139994264784,-93.6290709138656,260000
318,Somerst,42.05172163301069,-93.64401370171252,270000
319,NoRidge,42.05485809297757,-93.65096642591585,260000
320,NWAmes,42.03930047189719,-93.62739257413655,187500
321,NridgHt,42.05722347435589,-93.64808517762032,342643
322,NridgHt,42.058970071137985,-93.65896264237674,354000
323,SawyerW,42.03589859188375,-93.68553909289605,301000
324,OldTown,42.03280380568645,-93.6108255029471,126175
325,NAmes,42.04186807273612,-93.62290385063784,242000
326,IDOTRR,42.02007109133261,-93.62676367428782,87000
327,Veenker,42.04379998768465,-93.64108953220853,324000
328,NAmes,42.043224686721814,-93.62515026646794,145250
329,BrkSide,42.0316230487119,-93.62678804108866,214500
330,IDOTRR,42.0198402737507,-93.62478542656216,78000
331,NAmes,42.040489276684674,-93.61990139950447,119000
332,NAmes,42.04406541810412,-93.61710974519899,139000
333,NridgHt,42.057368080727834,-93.65025618139386,284000
334,NridgHt,42.05803731527657,-93.64440643006726,207000
335,Gilbert,42.10578653044795,-93.63537575559363,192000
336,Timber,42.001815780996694,-93.64764414095652,228950
337,StoneBr,42.06145463392499,-93.62961676603805,377426
338,CollgCr,42.022236321758996,-93.66368072463035,214000
339,NWAmes,42.04328246101431,-93.62820916802272,202500
340,NAmes,42.03971510842373,-93.61397045563581,155000
341,Timber,41.999138081427795,-93.65045437529933,202900
342,SawyerW,42.03170340335364,-93.67991846615773,82000
343,NAmes,42.0415947293503,-93.62196986994756,87500
344,NridgHt,42.06220170383086,-93.65912729502172,266000
345,MeadowV,41.991589457024524,-93.60396029494534,85000
346,BrkSide,42.03251288813751,-93.62790540829884,140200
347,NAmes,42.04359236913545,-93.621280706543,151500
348,NAmes,42.03869433639708,-93.62180978950207,157500
349,NridgHt,42.061054504482016,-93.65697212477599,154000
350,NridgHt,42.06369573881546,-93.65038527782113,437154
351,NridgHt,42.05865700145945,-93.65997343387642,318061
352,ClearCr,42.03313477451927,-93.65074269759661,190000
353,Edwards,42.024926377679094,-93.65623664325838,95000
354,OldTown,42.02959099787559,-93.62001823475136,105900
355,SWISU,42.01140194451619,-93.66549400973025,140000
356,CollgCr,42.02067994195602,-93.66243026319084,177500
357,Gilbert,42.10967828599897,-93.64187495302794,173000
358,MeadowV,41.99225986506512,-93.60253653456313,134000
359,ClearCr,42.030048711687286,-93.65837689203825,130000
360,NoRidge,42.05249871163934,-93.65430480812167,280000
361,Mitchel,41.994052777664955,-93.60766745567261,156000
362,BrkSide,42.0311365590481,-93.62809206912269,145000
363,Edwards,42.02422139249098,-93.65774704318639,198500
364,BrDale,42.05251433940237,-93.63083454520073,118000
365,NWAmes,42.04430618731097,-93.63036365889468,190000
366,IDOTRR,42.02014664234987,-93.62119519553312,147000
367,NAmes,42.04039595305548,-93.6165736745898,159000
368,NAmes,42.04359011290128,-93.62046300089555,165000
369,NAmes,42.04518355941234,-93.62531972687168,132000
370,NAmes,42.04149230590352,-93.61488002223074,162000
371,Gilbert,42.11260451204396,-93.65168955166996,172400
372,ClearCr,42.03450346510115,-93.65359917011561,134432
373,SawyerW,42.03109395356868,-93.67977651272021,125000
374,NAmes,42.047567896387264,-93.61998035449608,123000
375,CollgCr,42.02164245317844,-93.66570142152902,219500
376,Edwards,42.02146430928338,-93.65828438202676,61000
377,CollgCr,42.02155572068358,-93.66081183132361,148000
378,Somerst,42.05490531013073,-93.64514646217094,340000
379,StoneBr,42.058222357673785,-93.63269528905627,394432
380,Gilbert,42.10953147735851,-93.65907475214156,179000
381,SWISU,42.00934743533758,-93.66184739727159,127000
382,Somerst,42.05224282394615,-93.64244284692289,187750
383,CollgCr,42.01927898573562,-93.67081800093582,213500
384,SawyerW,42.029415102651406,-93.68232058649504,76000
385,ClearCr,42.03252801053576,-93.66084124491611,240000
386,Blmngtn,42.05772782362341,-93.64048255930201,192000
387,Edwards,42.02255221641856,-93.66307584378892,81000
388,Edwards,42.02303672392983,-93.65293378998643,125000
389,CollgCr,42.01757602813454,-93.66756941343638,191000
390,NridgHt,42.06111979840732,-93.65527113676791,426000
391,Edwards,42.026994323123326,-93.6535536854837,119000
392,Mitchel,41.994971873764385,-93.60938688279786,215000
393,NAmes,42.04504327188609,-93.6218804271237,106500
394,BrkSide,42.0328006045154,-93.62980443066103,100000
395,OldTown,42.03094584054322,-93.61429166389968,109000
396,Edwards,42.02503542707827,-93.65467775044647,129000
397,CollgCr,42.020677597391995,-93.66991450553374,123000
398,NAmes,42.04544295370175,-93.62085760630339,169500
399,IDOTRR,42.0216120601979,-93.62299896336515,67000
400,Somerst,42.04617313142005,-93.64608921071726,241000
401,Veenker,42.04485173347503,-93.64482030468938,245500
402,CollgCr,42.01839195827975,-93.66447103737623,164990
403,Sawyer,42.035943083059756,-93.67245227938722,108000
404,NoRidge,42.049871985731734,-93.65420952843787,258000
405,Gilbert,42.09903069324733,-93.6355167114808,168000
406,Sawyer,42.031007096555975,-93.67387412015096,150000
407,SWISU,42.01028449197706,-93.6570809884905,115000
408,Crawfor,42.010666251231505,-93.61804573696193,177000
409,NridgHt,42.06058131866811,-93.66117948608647,280000
410,Somerst,42.05213727598043,-93.6477207222479,339750
411,Edwards,42.02418914008333,-93.65390555358526,60000
412,Gilbert,42.10951949782282,-93.64538705056539,145000
413,Somerst,42.050290876166926,-93.63940278548988,222000
414,OldTown,42.029979273042905,-93.61593760212817,115000
415,SawyerW,42.03007245553895,-93.68132202441456,228000
416,Gilbert,42.10809009621926,-93.64674080137331,181134
417,Sawyer,42.03535131908759,-93.67596228505384,149500
418,Crawfor,42.01081832738661,-93.58895906176618,239000
419,Edwards,42.02292079718749,-93.66138683121592,126000
420,NAmes,42.04608199720381,-93.61615588551506,142000
421,Mitchel,41.9867222639561,-93.60941516611291,206300
422,NWAmes,42.045385603134456,-93.63634302005867,215000
423,Mitchel,41.99498802253305,-93.60197037671357,113000
424,NoRidge,42.0513026723948,-93.65434823254112,315000
425,NAmes,42.047536122168026,-93.62201299230513,139000
426,OldTown,42.029201841533315,-93.61718092666952,135000
427,SawyerW,42.03067512746544,-93.6840286516867,275000
428,NAmes,42.041498600202175,-93.62100646427653,109008
429,CollgCr,42.01933108636872,-93.66968360361487,195400
430,Timber,41.99907220346,-93.64756314431864,175000
431,BrDale,42.05368555486491,-93.63104216384805,85400
432,OldTown,42.03057223072691,-93.61098149789437,79900
433,BrDale,42.05378847654206,-93.62867695116138,122500
434,Gilbert,42.10492100914003,-93.63825477440611,181000
435,MeadowV,41.991901051587085,-93.60164780683658,81000
436,CollgCr,42.01816991412574,-93.66582668044491,212000
437,OldTown,42.02869308373555,-93.6172969814505,116000
438,BrkSide,42.02964529024712,-93.628429206165,119000
439,Crawfor,42.02260833910456,-93.59784341488923,90350
440,Edwards,42.023710916390776,-93.65187118201254,110000
441,NridgHt,42.064417363245916,-93.66005293928359,555000
442,Edwards,42.0264831413831,-93.65471182162824,118000
443,BrkSide,42.031263159667894,-93.62744998236379,162900
444,Blmngtn,42.05939177077404,-93.64162404637136,172500
445,CollgCr,42.02008687810403,-93.66494381303912,210000
446,Edwards,42.024096526782046,-93.66080254501382,127500
447,NAmes,42.03957638519283,-93.62413835873737,190000
448,Gilbert,42.10563814311263,-93.64054362741913,199900
449,IDOTRR,42.02197786272404,-93.6249117889502,119500
450,OldTown,42.02831694320405,-93.61906285522922,120000
451,OldTown,42.03056682578987,-93.6119742881917,110000
452,ClearCr,42.03119489235721,-93.65945414440793,280000
453,Timber,41.99838392881804,-93.64862673249638,204000
454,Somerst,42.05145540131514,-93.6466597121795,210000
455,Mitchel,41.99480680429621,-93.60540308949103,188000
456,NWAmes,42.044249288715235,-93.62734537871374,175500
457,OldTown,42.03322381235189,-93.6116547057998,98000
458,ClearCr,42.03349189269906,-93.66254961498385,256000
459,OldTown,42.032839463384704,-93.61444866065212,161000
460,BrkSide,42.03205925988534,-93.62678799996398,110000
461,Somerst,42.04597504083216,-93.63748482701426,263435
462,SWISU,42.00957419424445,-93.6499519253828,155000
463,Sawyer,42.03110615642757,-93.67315961249909,62383
464,Crawfor,42.00618617171759,-93.63628927723923,188700
465,CollgCr,42.02187589791559,-93.6669738704888,124000
466,Blmngtn,42.06062855859305,-93.64126694284677,178740
467,NAmes,42.041957559782716,-93.61395968817962,167000
468,NAmes,42.04444615511136,-93.62202573403052,146500
469,NridgHt,42.063547456304306,-93.65252942378423,250000
470,SawyerW,42.0361721972399,-93.68785213993146,187000
471,StoneBr,42.05888138737449,-93.63472152292178,212000
472,NWAmes,42.040395937399126,-93.63068653479955,190000
473,Edwards,42.023208502277555,-93.66093509402204,148000
474,NridgHt,42.062962192728506,-93.65349441652194,440000
475,StoneBr,42.06290902802304,-93.63365780734502,251000
476,Sawyer,42.03312279274558,-93.67812205238477,132500
477,CollgCr,42.01875196269093,-93.66986899424505,208900
478,NridgHt,42.064570217713985,-93.65464323762474,380000
479,CollgCr,42.02002915221712,-93.65955703923389,297000
480,OldTown,42.03445355309791,-93.61435313189952,89471
481,NridgHt,42.063782763900896,-93.6554211321954,326000
482,NridgHt,42.06126093259503,-93.66015321922013,374000
483,OldTown,42.02913501678484,-93.614846882283,155000
484,Mitchel,41.98866633984144,-93.60195443372179,164000
485,Sawyer,42.032248669748036,-93.66929624112878,132500
486,NAmes,42.04089125549225,-93.61673098932624,147000
487,NAmes,42.04037104945662,-93.62206366204452,156000
488,NWAmes,42.04549890760046,-93.62669011184641,175000
489,OldTown,42.03264652882928,-93.61794746704837,160000
490,MeadowV,41.991627292766395,-93.60240756492377,86000
491,MeadowV,41.99149987050527,-93.60308605181565,115000
492,NAmes,42.04608354004078,-93.61728986916641,133000
493,Gilbert,42.104369447322455,-93.65178513106108,172785
494,NAmes,42.04604974493629,-93.61551969124287,155000
495,OldTown,42.03271311560733,-93.612543221121,91300
496,IDOTRR,42.020172131637516,-93.6193444844085,34900
497,NoRidge,42.04734479508282,-93.65379163998757,430000
498,BrkSide,42.028825769291586,-93.62574891917109,184000
499,Sawyer,42.03435700533891,-93.67030836812289,130000
500,NAmes,42.045568638563545,-93.62300111476594,120000
501,BrDale,42.051213847311566,-93.62747336329898,113000
502,Somerst,42.05020585245955,-93.6458427526566,226700
503,Edwards,42.021394165344105,-93.65772264935431,140000
504,Crawfor,42.00825900798992,-93.58558362332818,289000
505,NPkVill,42.050346403165186,-93.62506458130139,147000
506,OldTown,42.03412085315127,-93.61086048086963,124500
507,SawyerW,42.03345421274467,-93.68657556778645,215000
508,Somerst,42.05353792188193,-93.64710938161333,208300
509,OldTown,42.03009089223643,-93.61835416766594,161000
510,NAmes,42.0408144233151,-93.62397797808572,124500
511,NAmes,42.047163444337286,-93.62297680499826,164900
512,NridgHt,42.063794220439284,-93.66083680660499,202665
513,NAmes,42.043108742223644,-93.61661209734434,129900
514,Mitchel,41.9883406659522,-93.60539753061806,134000
515,Crawfor,42.012815896872915,-93.6204261583284,96500
516,NridgHt,42.05960405727299,-93.65441346025266,402861
517,NWAmes,42.042391794000636,-93.63668748897514,158000
518,NoRidge,42.04810778728651,-93.65313196274977,265000
519,CollgCr,42.02034773593308,-93.66997868281352,211000
520,Crawfor,42.005519195594175,-93.61686457550447,234000
521,OldTown,42.03234897909454,-93.61960139855388,106250
522,NAmes,42.046842822360944,-93.61824423271632,150000
523,BrkSide,42.03258460238596,-93.62646188061686,159000
524,Edwards,42.02254983795094,-93.66095296041665,184750
525,NoRidge,42.05419682999199,-93.65527554980905,315750
526,Somerst,42.052898903973166,-93.64777956775497,176000
527,NAmes,42.03970127412679,-93.6213830744055,132000
528,NridgHt,42.06202695094613,-93.64928238157715,446261
529,Edwards,42.021459734539015,-93.65601970304748,86000
530,Crawfor,42.01044389381072,-93.58202959486242,200624
531,Timber,42.00169230951212,-93.64443305312739,175000
532,BrkSide,42.02798148247978,-93.62589732785071,128000
533,NAmes,42.04476203882113,-93.62032371580939,107500
534,BrkSide,42.03423829053026,-93.62817789598743,39300
535,Gilbert,42.10818514869218,-93.65596331520418,178000
536,Edwards,42.021822008312014,-93.65504506793994,107500
537,CollgCr,42.02009215613335,-93.66068476785577,188000
538,NAmes,42.04278518003101,-93.61818019272292,111250
539,Sawyer,42.03166678417279,-93.67285594213766,158000
540,CollgCr,42.0196313492544,-93.6674900580789,272000
541,Timber,42.000989936549075,-93.64398056254316,315000
542,NoRidge,42.05609727479611,-93.65760256728137,248000
543,NWAmes,42.04257638585104,-93.62657694940972,213250
544,NAmes,42.0460080143452,-93.61976528708,133000
545,Gilbert,42.10345066801314,-93.63685049240449,179665
546,NWAmes,42.04238991747413,-93.63220481733686,229000
547,BrkSide,42.028811023697415,-93.62519477461271,210000
548,Mitchel,41.996358592545185,-93.61025771553979,129500
549,OldTown,42.033488311531066,-93.61093841154363,125000
550,Somerst,42.047420287965856,-93.6431350687745,263000
551,NPkVill,42.04964587244357,-93.62908746573596,140000
552,OldTown,42.030439500246054,-93.61961265710083,112500
553,NridgHt,42.05880723686965,-93.64752438033906,255500
554,Edwards,42.02606272607529,-93.65621761755136,108000
555,NridgHt,42.062901061819325,-93.65797871227672,284000
556,BrkSide,42.03334997360593,-93.62640756149379,113000
557,NAmes,42.04671409319457,-93.62309648161502,141000
558,IDOTRR,42.021281573177994,-93.62494116586107,108000
559,Gilbert,42.096653428915566,-93.64375663610866,175000
560,Blmngtn,42.060406991372446,-93.64465836406424,234000
561,Sawyer,42.0352369838731,-93.66940931997128,121500
562,Mitchel,41.99630277872014,-93.60795980913598,170000
563,Edwards,42.02257771687391,-93.65764234257209,108000
564,Edwards,42.02264867972993,-93.65885052374287,185000
565,NoRidge,42.05491621929899,-93.65303035455945,268000
566,SWISU,42.00909200297433,-93.65931888649727,128000
567,StoneBr,42.05665241053416,-93.63175853946053,325000
568,NridgHt,42.063509816618534,-93.65873608285227,214000
569,SawyerW,42.03403323930929,-93.68382498811037,316600
570,NAmes,42.04598263298659,-93.62078739718416,135960
571,NAmes,42.04230479564741,-93.62200672652088,142600
572,NAmes,42.04549818508985,-93.6236453851729,120000
573,Timber,42.00056773406923,-93.64151069485408,224500
574,Gilbert,42.11296707190135,-93.65778155141743,170000
575,NAmes,42.04681074386849,-93.6167312706139,139000
576,NAmes,42.039197540815834,-93.61460382830336,118500
577,SWISU,42.009242008379154,-93.6652010501176,145000
578,Sawyer,42.034218512614125,-93.67596047559515,164500
579,Somerst,42.0480653556237,-93.64853223382545,146000
580,OldTown,42.02971391794515,-93.61544805916999,131500
581,NAmes,42.04227322345769,-93.62036882537224,181900
582,NridgHt,42.058163720054985,-93.6466914926015,253293
583,Edwards,42.02207399082066,-93.65553606583971,118500
584,OldTown,42.03188031797699,-93.61913489877008,325000
585,BrkSide,42.03074986692097,-93.62755932165271,133000
586,Timber,41.99797061318767,-93.64772850200316,369900
587,BrkSide,42.03202686178785,-93.62858648247887,130000
588,Sawyer,42.03283321967389,-93.67007904022921,137000
589,ClearCr,42.03089790853754,-93.65324079150487,143000
590,BrkSide,42.03261657738721,-93.62703381656576,79500
591,CollgCr,42.01775407802848,-93.66697291376062,185900
592,NridgHt,42.05971764982567,-93.65306417986685,451950
593,Mitchel,41.997279034708335,-93.60069514830334,138000
594,CollgCr,42.018369899442845,-93.66289503494302,140000
595,CollgCr,42.01811339985035,-93.66987901272095,110000
596,StoneBr,42.063208410985276,-93.62983772659561,319000
597,OldTown,42.03221206374899,-93.61802318764455,114504
598,Blmngtn,42.06087434760846,-93.63571164972909,194201
599,Crawfor,42.02447520780402,-93.60231282506918,217500
600,Blueste,42.00902565724943,-93.64582606787219,151000
601,NridgHt,42.06456799052879,-93.65876678204278,275000
602,IDOTRR,42.022209618768365,-93.62199419151457,141000
603,SawyerW,42.03169394143986,-93.68646320662761,220000
604,Somerst,42.054122232699065,-93.6461077572499,151000
605,CollgCr,42.019753503552316,-93.66275452000903,221000
606,NAmes,42.04586992798463,-93.62140503176899,205000
607,CollgCr,42.01804050565706,-93.66798073085847,152000
608,Edwards,42.02569520374114,-93.654023080037,225000
609,Crawfor,42.0226201010707,-93.60507934791289,359100
610,Sawyer,42.03115456885851,-93.6695012791836,118500
611,CollgCr,42.02150524716758,-93.6629248848124,313000
612,NWAmes,42.03992745635001,-93.62674799655917,148000
613,CollgCr,42.0190209477257,-93.6674523633398,261500
614,Mitchel,41.99294043709203,-93.6067798640302,147000
615,MeadowV,41.99252581245625,-93.60479981551964,75500
616,NAmes,42.0475154063255,-93.6177674143058,137500
617,Gilbert,42.10825101720495,-93.63732370051054,183200
618,NAmes,42.044715874816916,-93.61545332614853,105500
619,NridgHt,42.066084906681596,-93.65563305611286,314813
620,Timber,42.00030720265763,-93.6477771617105,305000
621,Edwards,42.0218037826093,-93.65667853766756,67000
622,NWAmes,42.040330381187076,-93.6334234791466,240000
623,Sawyer,42.03311139419613,-93.6732312593316,135000
624,Somerst,42.052420676544685,-93.64047429111764,168500
625,NWAmes,42.04209135342657,-93.63439197290552,165150
626,NAmes,42.04033609585963,-93.61485934637356,160000
627,NAmes,42.04152920097137,-93.61920418719848,139900
628,NAmes,42.04566968235357,-93.6145119741286,153000
629,NAmes,42.03874853688732,-93.61975199954985,135000
630,NAmes,42.04350797317458,-93.61732658689331,168500
631,OldTown,42.0330890638124,-93.6138415627459,124000
632,NridgHt,42.06636882370591,-93.66141232215583,209500
633,NWAmes,42.0447539459023,-93.63508322954253,82500
634,NAmes,42.04115343481755,-93.62021463214715,139400
635,OldTown,42.028830158305695,-93.61142104804057,144000
636,SWISU,42.0080517714146,-93.65120665108536,200000
637,BrkSide,42.0321508030821,-93.62758946772307,60000
638,OldTown,42.033532494758184,-93.61887202228479,93000
639,Edwards,42.02358099781259,-93.66286558384323,85000
640,Blmngtn,42.06152880743176,-93.64040710370315,264561
641,NridgHt,42.06275380259318,-93.64981777395809,274000
642,Somerst,42.05281255705502,-93.64334596590872,226000
643,NAmes,42.039519599285406,-93.61987372723185,345000
644,NWAmes,42.04325007476378,-93.63572437145041,152000
645,Somerst,42.048932546539945,-93.64031044367101,370878
646,NAmes,42.04272354515421,-93.62245002381867,143250
647,NAmes,42.0426508147043,-93.6236282955733,98300
648,Edwards,42.02339625462024,-93.65926440340377,155000
649,NAmes,42.04228129126349,-93.61808884848962,155000
650,MeadowV,41.9925400731941,-93.6042841398631,84500
651,Somerst,42.05414088480182,-93.64161731709954,205950
652,Edwards,42.021834441501454,-93.66030816412733,108000
653,CollgCr,42.02063179016752,-93.66581967347872,191000
654,IDOTRR,42.0210447855218,-93.62049078084185,135000
655,NoRidge,42.04622823901108,-93.65428312788217,350000
656,BrDale,42.051054273233284,-93.63266174125226,88000
657,NAmes,42.04669389644934,-93.6156659452165,145500
658,Crawfor,42.02424203347741,-93.58680907563782,149000
659,NAmes,42.04516238203156,-93.6149461543442,97500
660,Edwards,42.02177424550657,-93.65912913142557,167000
661,NWAmes,42.0386695760032,-93.62611221942245,197900
662,NoRidge,42.052256385005585,-93.65645528131056,402000
663,NAmes,42.047507143613274,-93.61562053653972,110000
664,Edwards,42.021742681324945,-93.65443911568029,137500
665,Somerst,42.050302933865375,-93.64686183891497,423000
666,Gilbert,42.10017330178225,-93.63981194987034,230500
667,NAmes,42.042343506526464,-93.61460511750559,129000
668,SawyerW,42.03603304335689,-93.68173371509786,193500
669,Sawyer,42.03209079070841,-93.67384351931437,168000
670,Crawfor,42.01985795250611,-93.60094384867097,137500
671,CollgCr,42.018354522711924,-93.67050762745214,173500
672,Edwards,42.021086621250895,-93.65570437316521,103600
673,Veenker,42.04088993474931,-93.6414076727281,165000
674,Crawfor,42.00601385241531,-93.63037759908325,257500
675,NAmes,42.04368489049059,-93.61403477126825,140000
676,NPkVill,42.050513844362285,-93.62659985725985,148500
677,OldTown,42.028319951877556,-93.61155203054683,87000
678,OldTown,42.028840513476034,-93.6159512017826,109500
679,StoneBr,42.05905473135789,-93.62832281889793,372500
680,Sawyer,42.03525932023643,-93.67142701181602,128500
681,SawyerW,42.032539345499075,-93.68229651036094,143000
682,SWISU,42.012821729142985,-93.66053555679028,159434
683,ClearCr,42.03126376887496,-93.65163172085254,173000
684,CollgCr,42.02005813315619,-93.66843758094556,285000
685,NoRidge,42.04809458756058,-93.65548745375933,221000
686,StoneBr,42.06140997093258,-93.63088448027462,207500
687,Somerst,42.04669696520432,-93.6405657748209,227875
688,Somerst,42.05093064327619,-93.64069691167047,148800
689,StoneBr,42.05820798530181,-93.62846227523939,392000
690,NridgHt,42.06222742947945,-93.6543788137775,194700
691,CollgCr,42.0206838576109,-93.66507222600379,141000
692,NoRidge,42.053065507224474,-93.65079474270487,755000
693,Timber,41.998700439860755,-93.65143969735337,335000
694,OldTown,42.03006861633208,-93.61070268014798,108480
695,BrkSide,42.031253552675715,-93.62624688030259,141500
696,Timber,41.999700450254544,-93.64937376406172,176000
697,BrkSide,42.03000485126545,-93.62644217881618,89000
698,Edwards,42.022935403262515,-93.65831821325794,123500
699,Sawyer,42.03432446600786,-93.66956211380936,138500
700,Somerst,42.050007293047464,-93.64162905117446,196000
701,Timber,41.99968708767248,-93.6512624254676,312500
702,NWAmes,42.04469532538895,-93.62621341745486,140000
703,StoneBr,42.059938857703436,-93.63306614025991,361919
704,OldTown,42.031479162638426,-93.61658260056697,140000
705,CollgCr,42.0186957187251,-93.67041982021324,213000
706,IDOTRR,42.020201622952634,-93.62306932598452,55000
707,ClearCr,42.032484397794676,-93.65336796130859,302000
708,NridgHt,42.06059266617297,-93.65441750178144,254000
709,Gilbert,42.10842252671492,-93.65019925121699,179540
710,Sawyer,42.03216278211085,-93.67855783080306,109900
711,BrkSide,42.031962833222586,-93.6292117981465,52000
712,IDOTRR,42.01931242910525,-93.62415602682269,102776
713,StoneBr,42.06218060561346,-93.63273610572026,189000
714,BrkSide,42.02727378625776,-93.62684100522546,129000
715,Sawyer,42.034258452031814,-93.67367120904882,130500
716,NWAmes,42.0391030284209,-93.63031084055436,165000
717,OldTown,42.02872926664299,-93.620090214777,159500
718,NWAmes,42.04196915175694,-93.63118197652828,157000
719,NoRidge,42.049841783935136,-93.65084169497966,341000
720,CollgCr,42.01814029482947,-93.66911404924477,128500
721,StoneBr,42.056036298332735,-93.6308091502928,275000
722,CollgCr,42.01905867477099,-93.66201749295732,143000
723,NAmes,42.04750039359449,-93.62092311659676,124500
724,Edwards,42.02569419264327,-93.65297829040261,135000
725,Edwards,42.02292466852552,-93.6567478964915,320000
726,NAmes,42.047124224830185,-93.62037901507604,120500
727,Crawfor,42.01495644854039,-93.5948463153679,222000
728,CollgCr,42.020914157826745,-93.66121241601536,194500
729,NAmes,42.043643975806695,-93.62368473631413,110000
730,IDOTRR,42.0215371755999,-93.62386659918752,103000
731,StoneBr,42.05769294947521,-93.63069168547662,236500
732,Timber,42.00191719351843,-93.64575511124586,187500
733,CollgCr,42.01936480629168,-93.66401277251343,222500
734,Sawyer,42.03216998500195,-93.67172764874444,131400
735,Sawyer,42.034205857499586,-93.67099566606306,108000
736,OldTown,42.03350049327075,-93.61542678490754,163000
737,NAmes,42.039088201886216,-93.6186417897482,93500
738,Gilbert,42.11288677933687,-93.656204344034,239900
739,Edwards,42.0220705601514,-93.66172659832034,179000
740,CollgCr,42.021272782902344,-93.66611746945232,190000
741,OldTown,42.02799524849569,-93.6160563655212,132000
742,Sawyer,42.03531859407,-93.67440426862588,142000
743,SawyerW,42.03006108250529,-93.68322608719474,179000
744,Sawyer,42.033717199028615,-93.66961103014961,175000
745,StoneBr,42.06077494120318,-93.63483127150249,180000
746,NWAmes,42.03983790411001,-93.63279526695752,299800
747,Gilbert,42.11137538432275,-93.64962887464121,236000
748,OldTown,42.03095892294281,-93.6130284427026,265979
749,NoRidge,42.05319099801066,-93.65765201972434,260400
750,Edwards,42.021317299685386,-93.65455362398447,98000
751,OldTown,42.03185780937649,-93.6200668002544,96500
752,Gilbert,42.113855230659986,-93.65107261826086,162000
753,CollgCr,42.01977314320047,-93.66464437520926,217000
754,NridgHt,42.064348983805516,-93.65700961909407,275500
755,NAmes,42.04271923488263,-93.62518476391863,156000
756,Somerst,42.0494589281267,-93.64479205950313,172500
757,CollgCr,42.019462410569936,-93.66232410887258,212000
758,Sawyer,42.03628076069811,-93.67588812648395,158900
759,Somerst,42.048682745653394,-93.64614935041455,179400
760,NoRidge,42.04730871061435,-93.65079871210565,290000
761,NAmes,42.045551277062955,-93.61888038681745,127500
762,BrkSide,42.02963013689946,-93.62577069625318,100000
763,Somerst,42.046638492540445,-93.63565819150749,215200
764,NoRidge,42.05334756659646,-93.65285637941903,337000
765,Veenker,42.04001360699779,-93.64463105166267,270000
766,Somerst,42.050662179573365,-93.64490878699965,264132
767,NWAmes,42.04197521778826,-93.62747712878188,196500
768,Mitchel,41.98647008019235,-93.600811252226,160000
769,CollgCr,42.01899333634396,-93.666688095851,216837
770,StoneBr,42.05655574654223,-93.6328878643141,538000
771,Sawyer,42.033246495767806,-93.67146972874436,134900
772,Edwards,42.02370012706007,-93.66175525022865,102000
773,Edwards,42.026967597350136,-93.65447566202307,107000
774,NAmes,42.041497638675395,-93.61983273393996,114500
775,NridgHt,42.06123225733566,-93.64777217051571,395000
776,Mitchel,41.99228521302385,-93.6035296530313,162000
777,CollgCr,42.01939942787021,-93.6661720507118,221500
778,Sawyer,42.02964286196087,-93.67852880887538,142500
779,SawyerW,42.03546368592828,-93.68478215491484,144000
780,Mitchel,41.985844723769745,-93.60212508519082,135000
781,Gilbert,42.105891391413785,-93.64795899623348,176000
782,SawyerW,42.031781265833956,-93.68250722237929,175900
783,CollgCr,42.02213429508935,-93.666725401256,187100
784,Mitchel,41.99720389356118,-93.60692639199003,165500
785,OldTown,42.028788242774056,-93.6138623524502,128000
786,NWAmes,42.040985578455135,-93.63585818543572,161500
787,OldTown,42.02913438931088,-93.61782760806004,139000
788,SawyerW,42.0323702701881,-93.68474563796514,233000
789,OldTown,42.03229565140863,-93.61154037837203,107900
790,ClearCr,42.029657071268126,-93.66559867427382,187500
791,Blmngtn,42.060756694059535,-93.6430359813815,160200
792,Mitchel,41.99729529920102,-93.60547310487378,146800
793,NoRidge,42.05505506814361,-93.65767455940228,269790
794,Somerst,42.05290216786629,-93.6416100263371,225000
795,Gilbert,42.10842910721086,-93.65821440118641,194500
796,SawyerW,42.03496337178182,-93.67933665579258,171000
797,Sawyer,42.03114071313111,-93.67593046475898,143500
798,NAmes,42.04206737251209,-93.62462964779812,110000
799,NridgHt,42.0653934636169,-93.65251391163333,485000
800,SWISU,42.01387624031305,-93.66481911368422,175000
801,ClearCr,42.03461988505679,-93.66486860365583,200000
802,IDOTRR,42.02221482362904,-93.62105859040572,109900
803,CollgCr,42.018756291438855,-93.66909651315164,189000
804,NridgHt,42.06029029839557,-93.64991376255897,582933
805,NAmes,42.04248644896326,-93.61880720387894,118000
806,Somerst,42.048057352484754,-93.6411317551226,227680
807,NAmes,42.04593794169756,-93.62252674208356,135500
808,BrkSide,42.03408517061469,-93.62962077676877,223500
809,NAmes,42.040065674241276,-93.62474833636193,159950
810,OldTown,42.0314774746216,-93.61082749722112,106000
811,NWAmes,42.03975668348549,-93.63195332435505,181000
812,CollgCr,42.01899982855081,-93.66873415764606,144500
813,IDOTRR,42.02217133695978,-93.62261268085913,55993
814,NAmes,42.04444763705814,-93.62130700377233,157900
815,Edwards,42.021418209301785,-93.65355342379695,116000
816,CollgCr,42.020346652278114,-93.67096095466374,224900
817,NAmes,42.04449242108256,-93.61772107942714,137000
818,Mitchel,41.9874974449076,-93.61033100155028,271000
819,ClearCr,42.03471466205087,-93.66011339223888,155000
820,NridgHt,42.06047882582838,-93.6591077143378,224000
821,CollgCr,42.01895547340993,-93.67092431091518,183000
822,OldTown,42.0323774095728,-93.6121722736528,93000
823,Gilbert,42.10365904236097,-93.64340013375111,225000
824,SWISU,42.00714876692637,-93.65377109275833,139500
825,Somerst,42.054757618541736,-93.64692032028675,232600
826,NridgHt,42.05790756408151,-93.65194469286395,385000
827,BrkSide,42.02681223636832,-93.62574294993266,109500
828,SawyerW,42.03378720575316,-93.6824306735823,189000
829,ClearCr,42.03067985666066,-93.66760700801134,185000
830,Somerst,42.046683347124045,-93.64298819544659,147400
831,NAmes,42.04480474274784,-93.6170875560419,166000
832,Somerst,42.050849812077765,-93.64341374378132,151000
833,CollgCr,42.02000290296649,-93.6691458164144,237000
834,NAmes,42.04042642767289,-93.6192407027295,167000
835,NAmes,42.03972421802761,-93.61609206696693,139950
836,Sawyer,42.03368141118363,-93.67438570753315,128000
837,OldTown,42.033637971111666,-93.61449420983932,153500
838,BrDale,42.052558391477085,-93.6319000357161,100000
839,CollgCr,42.019664635326265,-93.66125076944279,144000
840,Edwards,42.022238850777235,-93.65178263237794,130500
841,SWISU,42.01362416217403,-93.66239408102834,140000
842,OldTown,42.029195733923025,-93.6195864109034,157500
843,NAmes,42.0408389008315,-93.6183358293166,174900
844,NAmes,42.0407351714204,-93.62148769507141,141000
845,OldTown,42.030135276360355,-93.61258448177722,153900
846,Sawyer,42.03621580346362,-93.67678312711527,171000
847,SawyerW,42.03647324484389,-93.68664427532045,213000
848,CollgCr,42.01906548682065,-93.67049367110872,133500
849,ClearCr,42.03078607258691,-93.6490195958034,240000
850,Veenker,42.040738557705566,-93.64356153721711,187000
851,CollgCr,42.02027547554834,-93.66104969553277,131500
852,Blmngtn,42.06030118476901,-93.63722243246218,215000
853,Crawfor,42.01836485924899,-93.59195685256078,164000
854,NAmes,42.04754722093696,-93.6171452882325,158000
855,Sawyer,42.03308126800078,-93.6771454754016,170000
856,Sawyer,42.0337525404007,-93.67173848452937,127000
857,CollgCr,42.02128122084659,-93.66458121560576,147000
858,Gilbert,42.111780501553184,-93.65345949166786,174000
859,NWAmes,42.04374435086177,-93.63370676548863,152000
860,NWAmes,42.04083770139124,-93.631461360393,250000
861,Crawfor,42.012933381198195,-93.59760914983539,189950
862,Sawyer,42.031060003743434,-93.677064870698,131500
863,SawyerW,42.03594904403047,-93.68298866880039,152000
864,NAmes,42.04712258254646,-93.62524274193723,132500
865,Somerst,42.05098653580885,-93.64573177035112,250580
866,NAmes,42.03990777121358,-93.62187377180534,148500
867,Timber,42.001065797944975,-93.64584412540746,248900
868,Sawyer,42.03047289167592,-93.67509432078208,129000
869,Gilbert,42.10318916069196,-93.64960637393104,169000
870,SawyerW,42.03429599230057,-93.67888121389477,236000
871,NAmes,42.04085115084903,-93.61562218598338,109500
872,CollgCr,42.01835294317362,-93.6652610238008,200500
873,NAmes,42.04513337369182,-93.61555134312653,116000
874,NAmes,42.047233844187595,-93.62352460986936,133000
875,OldTown,42.029170346759955,-93.61217170014852,66500
876,Somerst,42.04692354080666,-93.64750494643005,303477
877,Mitchel,41.985992792216805,-93.606802270453,132250
878,NridgHt,42.06235623812393,-93.6513147774829,350000
879,Sawyer,42.033130945411465,-93.67241907484463,148000
880,CollgCr,42.017779328720955,-93.66828689034456,136500
881,Edwards,42.02211067784027,-93.65827685410044,157000
882,Timber,41.99738921172478,-93.65010219056178,187500
883,Gilbert,42.1071716216172,-93.65743141316749,178000
884,SWISU,42.01268884426556,-93.66400641997355,118500
885,NAmes,42.0434672136815,-93.61932686570167,100000
886,Somerst,42.04800838746776,-93.64678148699221,328900
887,NAmes,42.04662282327908,-93.6250441106566,145000
888,Edwards,42.02173499040599,-93.65238821084134,135500
889,NAmes,42.04482773349059,-93.622409497476,268000
890,NAmes,42.047228664565935,-93.61652761539078,149500
891,NAmes,42.04312624142421,-93.6157067358819,122900
892,Sawyer,42.033629952363896,-93.67710887109311,172500
893,Sawyer,42.03496967758245,-93.67009888022038,154500
894,Sawyer,42.03582703437337,-93.67075982874522,165000
895,SawyerW,42.03490895944991,-93.68258144255488,118858
896,NAmes,42.045171921868,-93.62134747222058,140000
897,IDOTRR,42.01972144401759,-93.61923030201308,106500
898,SawyerW,42.03464203010513,-93.6841143820634,142953
899,NridgHt,42.05938678903023,-93.65573074004209,611657
900,Sawyer,42.03220037023083,-93.67493594540245,135000
901,NAmes,42.04112168952282,-93.62186619888804,110000
902,NAmes,42.04075264739225,-93.61727202435577,153000
903,Gilbert,42.097136811067685,-93.64928995112237,180000
904,Gilbert,42.11279835633377,-93.64799167301595,240000
905,Sawyer,42.035458414770254,-93.6729860716894,125500
906,NAmes,42.03968034574615,-93.61818734847826,128000
907,Somerst,42.05371154598442,-93.64333814802188,255000
908,Crawfor,42.011417352951405,-93.60462042664047,250000
909,Mitchel,41.99375791929966,-93.60420447650185,131000
910,Gilbert,42.10434905670106,-93.64839206679939,174000
911,NAmes,42.04195055176993,-93.61994030727664,154300
912,CollgCr,42.017501856233515,-93.66583354426605,143500
913,BrkSide,42.03415513416714,-93.62764172915637,88000
914,Crawfor,42.00626274675555,-93.6085791539109,145000
915,Somerst,42.049436703631606,-93.63846988174066,173733
916,MeadowV,41.9923362562788,-93.6017071505461,75000
917,IDOTRR,42.01979963116146,-93.62002054404884,35311
918,Edwards,42.022073916963514,-93.65755426950219,135000
919,SawyerW,42.03062952787738,-93.6804866264441,238000
920,NAmes,42.04640425769437,-93.6235400647574,176500
921,SawyerW,42.035510731464825,-93.68090715848423,201000
922,Edwards,42.02216928227602,-93.65255723602716,145900
923,Gilbert,42.10011418539996,-93.63706511035592,169990
924,SawyerW,42.035913702789706,-93.67916972347413,193000
925,NWAmes,42.039708822056646,-93.63068139588977,207500
926,NWAmes,42.04240593567811,-93.63346033813222,175000
927,NridgHt,42.06231663623408,-93.64753301923862,285000
928,NWAmes,42.0418941194206,-93.6288834806886,176000
929,CollgCr,42.021503065423474,-93.66668916379196,236500
930,Gilbert,42.10079194913372,-93.643196957052,222000
931,Timber,42.00182016569805,-93.64183877298453,201000
932,NAmes,42.044800424496515,-93.61436094612256,117500
933,Somerst,42.046932466829745,-93.64871105196008,320000
934,CollgCr,42.01970382203937,-93.66962700348635,190000
935,NAmes,42.042299253362124,-93.61549156500254,242000
936,BrkSide,42.03037415170251,-93.62864326077653,79900
937,SawyerW,42.02881032268481,-93.68462466056076,184900
938,Somerst,42.05473579700736,-93.6489799985482,253000
939,CollgCr,42.02151065244221,-93.66489949503017,239799
940,ClearCr,42.02954485839744,-93.66391231460858,244400
941,Mitchel,41.98755425552269,-93.60227459513818,150900
942,Gilbert,42.10575715906637,-93.64507080765154,214000
943,Edwards,42.02284322309608,-93.65519278689182,150000
944,Mitchel,41.989119438725275,-93.60322183872093,143000
945,Timber,42.00182728040172,-93.64963856026532,137500
946,OldTown,42.0323584723613,-93.61594881393742,124900
947,NAmes,42.043220150201044,-93.6145678348304,143000
948,Timber,42.00105279731842,-93.65023730315471,270000
949,CollgCr,42.021318744117515,-93.65991312197221,192500
950,NWAmes,42.04031226800821,-93.62743717153593,197500
951,NAmes,42.0388626540899,-93.61396339200107,129000
952,SawyerW,42.03350985020881,-93.68471049349331,119900
953,CollgCr,42.020616403083196,-93.66673822950935,133900
954,Mitchel,41.99188297691625,-93.60939254105116,172000
955,Edwards,42.023717456498936,-93.65562352814524,127500
956,Crawfor,42.0067122810299,-93.60448298962936,145000
957,Blueste,42.01039193212124,-93.6479510137824,124000
958,Sawyer,42.0352196925102,-93.67729992828234,132000
959,CollgCr,42.01931402580751,-93.66534473632908,185000
960,Somerst,42.04934966263751,-93.64782062093725,155000
961,BrkSide,42.03368059082358,-93.62907634148323,116500
962,NWAmes,42.038730873101855,-93.62897559318307,272000
963,NPkVill,42.0480507919537,-93.62405647665007,155000
964,CollgCr,42.01900442156225,-93.66405112217352,239000
965,Timber,41.99998661475841,-93.6435875070052,214900
966,Gilbert,42.10357816672435,-93.65435345699647,178900
967,Crawfor,42.01474468516163,-93.60757001361189,160000
968,NAmes,42.04278225732903,-93.61763946537278,135000
969,OldTown,42.029235156140516,-93.61381899027973,37900
970,NAmes,42.040806657924726,-93.62095769599652,140000
971,NAmes,42.043081975079104,-93.62147635469567,135000
972,NridgHt,42.063110780454124,-93.66228546836919,173000
973,SawyerW,42.03475539978373,-93.68662938565265,99500
974,Somerst,42.04876600681103,-93.64144173695792,182000
975,BrkSide,42.0330255003104,-93.62736924136377,167500
976,Somerst,42.04726586944444,-93.64608011512998,165000
977,BrkSide,42.027210628959054,-93.62586670253155,85500
978,Somerst,42.04558139439272,-93.63600985586682,199900
979,Edwards,42.02333180203398,-93.65176983958818,110000
980,Sawyer,42.02996095363568,-93.67654538131228,139000
981,NAmes,42.04387543615978,-93.62186029223358,178400
982,NoRidge,42.05416207771819,-93.65208744632105,336000
983,Blmngtn,42.06243080730219,-93.63590831377446,159895
984,CollgCr,42.020959970191726,-93.66169971929092,255900
985,Mitchel,41.98937121563273,-93.60650348987588,126000
986,Edwards,42.02144372469058,-93.6571095867461,125000
987,OldTown,42.029771237848394,-93.61682178540399,117000
988,NridgHt,42.06555209251708,-93.66085348245724,395192
989,NWAmes,42.040957856183574,-93.63437980591786,195000
990,Somerst,42.050927114152806,-93.63971809046564,197000
991,NoRidge,42.04712722489277,-93.65494961979407,348000
992,OldTown,42.03317935863412,-93.619631851858,168000
993,NAmes,42.042010118272756,-93.61930826389121,187000
994,CollgCr,42.01848738811455,-93.66586844101016,173900
995,NridgHt,42.057912155930524,-93.65549391342918,337500
996,BrkSide,42.03365612764801,-93.62962272236626,121600
997,NAmes,42.038784115913245,-93.61457816302564,136500
998,NWAmes,42.04036103716149,-93.62576401902878,185000
999,IDOTRR,42.02061594804873,-93.62179262775427,91000
1000,CollgCr,42.02185121990621,-93.66616084010255,206000
1001,Edwards,42.02225780828502,-93.65497695467478,82000
1002,OldTown,42.03092375841459,-93.6194942396717,86000
1003,Somerst,42.04701380363978,-93.63668391516991,232000
1004,NWAmes,42.04322725883552,-93.63275775243395,136905
1005,Blmngtn,42.05668677643439,-93.63999757895562,181000
1006,CollgCr,42.018854674977405,-93.66233757012988,149900
1007,NAmes,42.04478473195387,-93.62353280033815,163500
1008,MeadowV,41.99122347458083,-93.60377820798008,88000
1009,Mitchel,41.9922271477693,-93.60527282470835,240000
1010,SWISU,42.01120066897087,-93.66075555971325,102000
1011,Sawyer,42.03200703368653,-93.6765269783241,135000
1012,Edwards,42.0244888839165,-93.65177474773274,100000
1013,Crawfor,42.00826071990643,-93.62029643233149,165000
1014,OldTown,42.03107358834959,-93.61852694824782,85000
1015,NAmes,42.04675321855239,-93.62215846046925,119200
1016,NWAmes,42.04494818379414,-93.63060420248252,227000
1017,CollgCr,42.02034925297071,-93.66025840109181,203000
1018,StoneBr,42.06076401116306,-93.63363777526361,187500
1019,Gilbert,42.11053083563334,-93.65659448530785,160000
1020,Blmngtn,42.056479263106695,-93.63849369454339,213490
1021,Edwards,42.02247738257585,-93.6617481227064,176000
1022,CollgCr,42.02196163639587,-93.66420363334682,194000
1023,OldTown,42.03437904795456,-93.6154943903048,87000
1024,Blmngtn,42.05743834095525,-93.63766062278813,191000
1025,Timber,42.00190933162676,-93.64875269850906,287000
1026,CollgCr,42.01813425996038,-93.666959462827,112500
1027,NAmes,42.039616956555165,-93.62235983181213,167500
1028,Timber,42.00136135450254,-93.6425152109854,293077
1029,NAmes,42.04563997728884,-93.62524964776655,105000
1030,BrDale,42.051941416057026,-93.62758465274086,118000
1031,SWISU,42.00796396556074,-93.66535792538481,160000
1032,SWISU,42.00793446720107,-93.65851395498633,197000
1033,NoRidge,42.05417261723428,-93.65742090870303,310000
1034,CollgCr,42.01881043309893,-93.66492747392118,230000
1035,Crawfor,42.00800314824013,-93.5986327635406,119750
1036,Edwards,42.02372654511651,-93.65766364518312,84000
1037,Timber,42.00198057422637,-93.6434685023884,315500
1038,CollgCr,42.02256465423798,-93.6638198933716,287000
1039,MeadowV,41.99295699037576,-93.60448857482578,97000
1040,MeadowV,41.991953577247095,-93.6034970408162,80000
1041,Sawyer,42.03434646695613,-93.67707190185116,155000
1042,NWAmes,42.044042770876246,-93.63572545229793,173000
1043,NridgHt,42.058801119396044,-93.65685438328484,196000
1044,SawyerW,42.032287751035014,-93.6873339181189,262280
1045,NWAmes,42.04542387790536,-93.63279484811947,278000
1046,Edwards,42.02129005583507,-93.65291677918188,139600
1047,StoneBr,42.062063530378765,-93.63421336893161,556581
1048,CollgCr,42.02030156552697,-93.6627468531873,145000
1049,Mitchel,41.990085636235435,-93.60082397123077,115000
1050,Edwards,42.02620044457984,-93.6552371937288,84900
1051,Gilbert,42.11176388959703,-93.65911806797425,176485
1052,CollgCr,42.020003940214686,-93.67046685959471,200141
1053,NAmes,42.042453382535406,-93.62146912549055,165000
1054,Edwards,42.02244495323262,-93.6625517044271,144500
1055,CollgCr,42.0225218466148,-93.66532962900811,255000
1056,NWAmes,42.04407998068908,-93.63183366702093,180000
1057,NridgHt,42.063620637155374,-93.6543213910488,185850
1058,NoRidge,42.05691334327376,-93.6580175913908,248000
1059,NridgHt,42.05707039959423,-93.65203018402583,335000
1060,Crawfor,42.02271984985151,-93.58968039358959,220000
1061,StoneBr,42.05997916202493,-93.62858247128595,213500
1062,IDOTRR,42.01972909012977,-93.62607630709903,81000
1063,OldTown,42.031949108000745,-93.61617546139705,90000
1064,OldTown,42.030552169808736,-93.6154497642748,110500
1065,NAmes,42.04482793593938,-93.61927541249537,154000
1066,ClearCr,42.03078829724301,-93.66304895420208,328000
1067,Gilbert,42.098936591306725,-93.64809779963196,178000
1068,NAmes,42.03990600666117,-93.6186768802332,167900
1069,MeadowV,41.99189590283915,-93.60287897777684,151400
1070,NAmes,42.044047244551415,-93.62091892527812,135000
1071,NAmes,42.039101876845585,-93.62451860828477,135000
1072,NWAmes,42.03917782216778,-93.62822155034647,154000
1073,Edwards,42.02321852170614,-93.66019574558354,91500
1074,Edwards,42.02326967611282,-93.65557004408208,159500
1075,CollgCr,42.02091219296164,-93.66289218494944,194000
1076,Crawfor,42.01817241310684,-93.58835957764582,219500
1077,OldTown,42.03055613507816,-93.61612091283662,170000
1078,NAmes,42.046038416356005,-93.62504571194927,138800
1079,CollgCr,42.02027811305618,-93.66210186118239,155900
1080,CollgCr,42.01970782052762,-93.66366477148706,126000
1081,NWAmes,42.04528695363451,-93.62827609503911,145000
1082,Sawyer,42.03481653310618,-93.673084718425,133000
1083,CollgCr,42.02023875674586,-93.66673310755974,192000
1084,NAmes,42.047596844928876,-93.62302523923289,160000
1085,Gilbert,42.10689668061918,-93.65423409314712,187500
1086,SawyerW,42.03544378459549,-93.68000391831482,147000
1087,MeadowV,41.99231205258289,-93.6033129199392,83500
1088,Somerst,42.04749239460598,-93.64437575680465,252000
1089,Edwards,42.026185647713056,-93.65415861304986,137500
1090,Somerst,42.05226480581037,-93.64667604611333,197000
1091,NAmes,42.04403521681539,-93.6225043800139,92900
1092,Somerst,42.05340114704055,-93.64071661008816,160000
1093,SWISU,42.00690795334709,-93.65722746085386,136500
1094,NAmes,42.03885731208863,-93.62345056076191,146000
1095,NAmes,42.04231423628814,-93.6251796040441,129000
1096,CollgCr,42.01942019743743,-93.66820597159561,176432
1097,IDOTRR,42.020533656601316,-93.62622956568465,127000
1098,StoneBr,42.06070950024277,-93.6325716456252,170000
1099,BrkSide,42.030839007981314,-93.62573456495076,128000
1100,NWAmes,42.04316797642308,-93.63441699028031,157000
1101,SWISU,42.010609469758926,-93.65450019152922,60000
1102,NAmes,42.04305277984407,-93.62290008317771,119500
1103,NAmes,42.03878372157035,-93.62401467846497,135000
1104,NAmes,42.04201419724794,-93.61872986265844,159500
1105,BrDale,42.05238908817049,-93.62872057359847,106000
1106,NoRidge,42.056101825283974,-93.65436356280742,325000
1107,SawyerW,42.036736370340485,-93.6818001854483,179900
1108,Gilbert,42.103398493764736,-93.64626626612939,274725
1109,Gilbert,42.10220600113443,-93.64615429607954,181000
1110,NridgHt,42.0572861149596,-93.65431516635687,280000
1111,Gilbert,42.110367632176505,-93.64875341690252,188000
1112,NWAmes,42.041315322508616,-93.62607457828233,205000
1113,NAmes,42.0390963273631,-93.6203266602468,129900
1114,NAmes,42.04124618826013,-93.61650261994248,134500
1115,OldTown,42.03442001507165,-93.6162357893577,117000
1116,NridgHt,42.06390923931507,-93.64924152167688,318000
1117,Gilbert,42.10711312974593,-93.65926568000442,184100
1118,Sawyer,42.03544927094018,-93.67524352382429,130000
1119,Sawyer,42.03364559984285,-93.67093044720751,140000
1120,NAmes,42.045257378736565,-93.62242126960801,133700
1121,IDOTRR,42.02176164103581,-93.62055584458322,118400
1122,CollgCr,42.02156468052047,-93.66193909646746,212900
1123,Edwards,42.02168719512675,-93.65555197416269,112000
1124,Edwards,42.02144473070484,-93.65884930376802,118000
1125,Gilbert,42.10716766142839,-93.64213894336632,163900
1126,NAmes,42.041895349473954,-93.61566504917356,115000
1127,Blmngtn,42.05820053828884,-93.63628547512347,174000
1128,Gilbert,42.113869338459565,-93.64350104611955,259000
1129,Gilbert,42.099998613463534,-93.64646187842565,215000
1130,OldTown,42.029165928964574,-93.61094215475165,140000
1131,SWISU,42.008332379018654,-93.6635404479689,135000
1132,Mitchel,41.99658604772538,-93.60210371784805,93500
1133,OldTown,42.03401431632821,-93.61851739076069,117500
1134,SawyerW,42.02932289439447,-93.68151481337478,239500
1135,Gilbert,42.1096169623486,-93.63537846777868,169000
1136,BrkSide,42.02956111721818,-93.62739380437851,102000
1137,NAmes,42.04304504349634,-93.62404724669132,119000
1138,Sawyer,42.03068116744858,-93.676384744915,94000
1139,Mitchel,41.99588353919757,-93.60103254329708,196000
1140,BrkSide,42.02922536262251,-93.62516887400623,144000
1141,NAmes,42.044072698444296,-93.61489236737839,139000
1142,NWAmes,42.04467758914474,-93.63600450725545,197500
1143,CollgCr,42.021197475764495,-93.66245489550734,424870
1144,Sawyer,42.035933945208654,-93.67372249802763,80000
1145,Edwards,42.023625280524556,-93.66023691722856,80000
1146,BrkSide,42.0283257296763,-93.62619871248613,149000
1147,SawyerW,42.03469979766484,-93.68096178505394,180000
1148,Crawfor,42.01526603980853,-93.62301989463691,174500
1149,OldTown,42.03357344471903,-93.61208295216234,116900
1150,OldTown,42.03008312266164,-93.62006325246067,143000
1151,NAmes,42.045463609435814,-93.62470677043527,124000
1152,Edwards,42.02650069301646,-93.65347259367708,149900
1153,Crawfor,42.0085343387832,-93.59468871263257,230000
1154,IDOTRR,42.02105991728684,-93.62613085689009,120500
1155,NAmes,42.04011594360451,-93.61556519033854,201800
1156,Veenker,42.04276112500085,-93.64233063760315,218000
1157,NAmes,42.043049215534836,-93.6209492710278,179900
1158,NridgHt,42.06619565650993,-93.65876324652666,230000
1159,Somerst,42.0534829270542,-93.64863180073179,235128
1160,NWAmes,42.043528518542715,-93.62978240574705,185000
1161,NPkVill,42.04964293214498,-93.62798275407653,146000
1162,Crawfor,42.01561501840998,-93.62658780716386,224000
1163,Sawyer,42.03105180854288,-93.67139322691129,129000
1164,Sawyer,42.03329298057484,-93.67643394236411,108959
1165,Veenker,42.04202081832367,-93.64392733373747,194000
1166,NridgHt,42.05694585787279,-93.65563886297431,233170
1167,CollgCr,42.01964594911515,-93.66072004553642,245350
1168,Gilbert,42.107989889262406,-93.65313497380497,173000
1169,Edwards,42.025396202309054,-93.6555431903971,235000
1170,NoRidge,42.04734503873299,-93.65613037946652,625000
1171,Mitchel,41.98735503764461,-93.60710835292224,171000
1172,NAmes,42.041220008640394,-93.61725994076129,163000
1173,Somerst,42.05503617145483,-93.64241385275199,171900
1174,ClearCr,42.03127453481118,-93.66126331317315,200500
1175,Crawfor,42.00824227535502,-93.61379368239518,239000
1176,NoRidge,42.05579803433157,-93.65095221952339,285000
1177,Mitchel,41.995422750087315,-93.60674645909005,119500
1178,OldTown,42.03139839174036,-93.61161665211593,115000
1179,Crawfor,42.00854482237509,-93.62383315912919,154900
1180,Edwards,42.02261298243277,-93.6536139097862,93000
1181,Timber,41.99869661920943,-93.64231609422973,250000
1182,Crawfor,42.01051194890521,-93.6106655923947,392500
1183,NoRidge,42.04545608028044,-93.6514539492943,745000
1184,OldTown,42.031756741947305,-93.61711553028624,120000
1185,Timber,41.999119182757596,-93.64337592968057,186700
1186,Edwards,42.024637252392964,-93.65502737215053,104900
1187,OldTown,42.029182931990206,-93.61885242305704,95000
1188,NoRidge,42.04872869307312,-93.65189290519442,262000
1189,CollgCr,42.02248339023452,-93.66447963361666,195000
1190,Gilbert,42.10135573406597,-93.6388914526047,189000
1191,Mitchel,41.99291458416825,-93.60074664439871,168000
1192,Somerst,42.05274521616954,-93.64435330965276,174000
1193,OldTown,42.03390575945704,-93.61612124061179,125000
1194,Mitchel,41.99044018399527,-93.60690553342559,165000
1195,Sawyer,42.034885747596476,-93.67508362672756,158000
1196,Gilbert,42.11063338489,-93.6430159791746,176000
1197,Gilbert,42.10832965045022,-93.6400680509417,219210
1198,OldTown,42.029150266714616,-93.61323218710017,144000
1199,CollgCr,42.02070042644732,-93.66881188797437,178000
1200,Sawyer,42.031024926909964,-93.6779104007716,148000
1201,NAmes,42.04053331982575,-93.61381609222103,116050
1202,CollgCr,42.020990286579234,-93.66495863841344,197900
1203,BrkSide,42.03159186023568,-93.62572825472172,117000
1204,CollgCr,42.02057373570442,-93.6636160834334,213000
1205,NWAmes,42.04154985479924,-93.6365902504889,153500
1206,SawyerW,42.03225775868486,-93.6861770901051,271900
1207,SawyerW,42.03549219289381,-93.68653526489898,107000
1208,CollgCr,42.02100535735906,-93.66071593219716,200000
1209,NAmes,42.03881086047567,-93.62082620621132,140000
1210,Somerst,42.04887525828982,-93.64251934082355,290000
1211,SawyerW,42.03482981626601,-93.6850517675461,189000
1212,Gilbert,42.10929051752781,-93.63840716313601,164000
1213,Edwards,42.02179983148584,-93.65294582769243,113000
1214,Sawyer,42.031686237928994,-93.67811333852283,145000
1215,NAmes,42.04629222618639,-93.62132467186034,134500
1216,Sawyer,42.03268040110191,-93.67140969502347,125000
1217,Sawyer,42.030608844741174,-93.6743924423996,112000
1218,Somerst,42.05573689378883,-93.64795536322369,229456
1219,BrkSide,42.03218043098072,-93.6259508648412,80500
1220,BrDale,42.05317765629773,-93.62934718318647,91500
1221,NAmes,42.04168281427607,-93.61815786286233,115000
1222,Sawyer,42.032678920801175,-93.67776233746734,134000
1223,NAmes,42.0419956406552,-93.61767254035682,143000
1224,NAmes,42.046711589296855,-93.62407060264094,137900
1225,Gilbert,42.109415938939044,-93.65316471414128,184000
1226,NAmes,42.043258596833354,-93.61400961890287,145000
1227,Somerst,42.04868373022314,-93.63851623790845,214000
1228,NAmes,42.043880020508816,-93.61616623033736,147000
1229,NridgHt,42.058665365359346,-93.65020810862882,367294
1230,NAmes,42.043566885607426,-93.61655027335456,127000
1231,Sawyer,42.036388023451494,-93.67519335780442,190000
1232,NAmes,42.04720615900805,-93.61895102375149,132500
1233,NAmes,42.04366956310784,-93.62294006548761,101800
1234,NAmes,42.04671416630315,-93.61727239854996,142000
1235,SWISU,42.01152270688818,-93.65103493983646,130000
1236,Crawfor,42.02065643052922,-93.58249497392278,138887
1237,NridgHt,42.05965946537573,-93.6612465798158,175500
1238,CollgCr,42.01808479043109,-93.66501276303987,195000
1239,SawyerW,42.03365429665057,-93.68155148934234,142500
1240,Timber,42.00165006676892,-93.6407672833574,265900
1241,CollgCr,42.0185339456748,-93.66202154286056,224900
1242,Somerst,42.04966346159266,-93.64075927521243,248328
1243,NWAmes,42.04410315780033,-93.62919235860421,170000
1244,NridgHt,42.06362028273081,-93.64804490450436,465000
1245,Crawfor,42.013526623691966,-93.61360658477811,230000
1246,NWAmes,42.04140023186934,-93.62822294049217,178000
1247,Somerst,42.04930906637456,-93.64671706794623,186500
1248,Mitchel,41.99405072925593,-93.60083365382843,169900
1249,OldTown,42.02798717386077,-93.61542012684656,129500
1250,NAmes,42.04072274160185,-93.62252349903136,119000
1251,NAmes,42.04079934162046,-93.61490001266992,244000
1252,NridgHt,42.05902935125198,-93.64543212787515,171750
1253,Mitchel,41.99108903501992,-93.60052488251236,130000
1254,Veenker,42.03958148363149,-93.64337366849003,294000
1255,Edwards,42.02260321301283,-93.65454841078495,165400
1256,BrkSide,42.027538051969756,-93.62623461540582,127500
1257,NoRidge,42.05048260438152,-93.65551965351578,301500
1258,Edwards,42.02130758679395,-93.65975394562497,99900
1259,Gilbert,42.10198050569536,-93.63586338370993,190000
1260,NAmes,42.04685900312306,-93.6143836202643,151000
1261,Gilbert,42.11142323529207,-93.64466470352151,181000
1262,NAmes,42.040849484525246,-93.62514755911721,128900
1263,ClearCr,42.03332692245923,-93.66477468674603,161500
1264,BrkSide,42.028317175633134,-93.6281422560231,180500
1265,NAmes,42.0468358873541,-93.61510149024492,181000
1266,Somerst,42.046755431427556,-93.63954326755582,183900
1267,OldTown,42.03091635850794,-93.61666704843883,122000
1268,Timber,41.998046193313506,-93.65113090119995,378500
1269,Crawfor,42.01366668341717,-93.60103677052508,381000
1270,NAmes,42.04157663184339,-93.61609758726635,144000
1271,ClearCr,42.031385772759315,-93.65466566277503,260000
1272,NWAmes,42.041446041130406,-93.62983748180964,185750
1273,Sawyer,42.03221180525138,-93.67741464494655,137000
1274,Edwards,42.02558803400177,-93.65606209126405,177000
1275,Crawfor,42.01062917827219,-93.63372348343606,139000
1276,NAmes,42.03928328571382,-93.61766603886637,137000
1277,NWAmes,42.04484883330695,-93.63221787933927,162000
1278,NWAmes,42.03923537000237,-93.62651694876257,197900
1279,CollgCr,42.018097243476326,-93.66315952253566,237000
1280,IDOTRR,42.02264018248136,-93.6225582947373,68400
1281,CollgCr,42.02099214631714,-93.66668984933983,227000
1282,Timber,41.99982886408104,-93.64234276252634,180000
1283,CollgCr,42.019310997561014,-93.66329292054694,150500
1284,Mitchel,41.99119481914499,-93.6082984719066,139000
1285,SWISU,42.010615087202545,-93.65877146811538,169000
1286,BrkSide,42.02916217555313,-93.62800724189381,132500
1287,NWAmes,42.03985096334355,-93.6281972813035,143000
1288,ClearCr,42.03221713379667,-93.66718889635672,190000
1289,StoneBr,42.05900909049744,-93.62946212998033,278000
1290,NridgHt,42.0654384412187,-93.65449960307066,281000
1291,NAmes,42.04277531752678,-93.61921819760643,180500
1292,BrDale,42.05072484619782,-93.63160219071834,119500
1293,OldTown,42.03393463005548,-93.61148884318948,107500
1294,NWAmes,42.04496929601264,-93.62744568388801,162900
1295,Edwards,42.02413997572344,-93.65654220757396,115000
1296,NAmes,42.04226672632391,-93.62297049977111,138500
1297,NAmes,42.04560139373405,-93.61510965768859,155000
1298,Edwards,42.02537496722238,-93.65346872456827,140000
1299,Edwards,42.02300798599736,-93.66196213607417,160000
1300,NAmes,42.0443013369905,-93.61991158607275,154000
1301,Gilbert,42.113058262551036,-93.64626098962067,225000
1302,Crawfor,42.02455901273613,-93.59535434907333,177500
1303,NoRidge,42.04958259910504,-93.65301160251903,290000
1304,Somerst,42.046925813494916,-93.64165333318086,232000
1305,Edwards,42.024043993762085,-93.66019693532958,130000
1306,NridgHt,42.06458400088493,-93.65328148492594,325000
1307,NridgHt,42.05963383174881,-93.65776575351947,202500
1308,CollgCr,42.01913993457424,-93.66485695215465,138000
1309,OldTown,42.03108334784153,-93.61549584960756,147000
1310,SawyerW,42.0322211085129,-93.68128925271427,179200
1311,Crawfor,42.01739697129329,-93.59819747605161,335000
1312,CollgCr,42.02103849916075,-93.66026997409715,203000
1313,NoRidge,42.05403606869656,-93.65036429156326,302000
1314,NoRidge,42.05152365235624,-93.65051829227698,333168
1315,Edwards,42.02454848362602,-93.65335944473549,119000
1316,NAmes,42.04409182477695,-93.61773576777719,206900
1317,CollgCr,42.01942132608293,-93.6603746123378,295493
1318,Somerst,42.050248465145614,-93.64301583167877,208900
1319,CollgCr,42.01905421928194,-93.66024645763973,275000
1320,Edwards,42.02401465581763,-93.65724796395824,111000
1321,NAmes,42.04761365289871,-93.61829179811704,156500
1322,BrkSide,42.032468173709425,-93.6290498830584,72500
1323,NoRidge,42.0508585042935,-93.65795447443142,190000
1324,BrkSide,42.02956296045664,-93.62677407006733,82500
1325,Somerst,42.05440344539897,-93.64355078518058,147000
1326,IDOTRR,42.02251490978273,-93.62633952817932,55000
1327,Edwards,42.02499400777157,-93.65407770013793,79000
1328,Mitchel,41.99541588176401,-93.60433048592564,130500
1329,OldTown,42.03321601729874,-93.61726142695083,256000
1330,Gilbert,42.09901614973541,-93.64004653581509,176500
1331,Somerst,42.054373188029494,-93.64768957244327,227000
1332,CollgCr,42.01900577715812,-93.66292161702711,132500
1333,Edwards,42.02181247624993,-93.6517678527357,100000
1334,IDOTRR,42.02173112835961,-93.6213223110358,125500
1335,BrDale,42.051403505304236,-93.62851931941032,125000
1336,NWAmes,42.04299716655174,-93.63708397277998,167900
1337,NWAmes,42.0452785474011,-93.62986212402151,135000
1338,OldTown,42.029572901301954,-93.6125814709816,52500
1339,CollgCr,42.02006142603432,-93.66536656641462,200000
1340,CollgCr,42.020663673886816,-93.66789127980186,128500
1341,NAmes,42.040431181168195,-93.61827665417603,123000
1342,SawyerW,42.03302219694868,-93.6815651480931,155000
1343,CollgCr,42.019318391031184,-93.66903627129969,228500
1344,Crawfor,42.012339142948,-93.6240891692837,177000
1345,CollgCr,42.02068132950326,-93.6683959437489,155835
1346,OldTown,42.033567906874325,-93.61788263797354,108500
1347,NWAmes,42.04539083675781,-93.63498124093985,262500
1348,Timber,41.998010484810436,-93.64252763283453,283463
1349,SawyerW,42.03290708326373,-93.68300306574605,215000
1350,OldTown,42.033946134603156,-93.61675433840252,122000
1351,NAmes,42.039155715154976,-93.62285248247457,200000
1352,NAmes,42.04547506471638,-93.6161980119045,171000
1353,BrkSide,42.028091258884004,-93.62476453506744,134900
1354,NoRidge,42.04614261844467,-93.65027165295368,410000
1355,CollgCr,42.019356505704735,-93.66665124581148,235000
1356,NWAmes,42.044716033869285,-93.63422186956223,170000
1357,NAmes,42.04428231044157,-93.62467158253413,110000
1358,NAmes,42.04199338232855,-93.62088706022662,149900
1359,Somerst,42.04668099292974,-93.6377050301494,177500
1360,NridgHt,42.06517218179688,-93.65593963440588,315000
1361,SWISU,42.01058574961762,-93.6634742872577,189000
1362,StoneBr,42.05931141212739,-93.63187072516064,260000
1363,NAmes,42.04323633898049,-93.6189026310972,104900
1364,Gilbert,42.10660942330974,-93.65132298903386,156932
1365,Somerst,42.05165527615882,-93.64524492082096,144152
1366,Somerst,42.04805981469481,-93.63981550829754,216000
1367,CollgCr,42.02004531501776,-93.66960851029185,193000
1368,MeadowV,41.99253742798292,-93.60207669420984,127000
1369,CollgCr,42.02071004960001,-93.666271668781,144000
1370,CollgCr,42.01912986473677,-93.66583684963143,232000
1371,OldTown,42.02881147772171,-93.61533584839218,105000
1372,NAmes,42.04108888939572,-93.61886943822486,165500
1373,CollgCr,42.02167487362336,-93.66372071746734,274300
1374,NoRidge,42.04865741146315,-93.65666002257774,466500
1375,Somerst,42.04633109372196,-93.63672764581918,250000
1376,Timber,41.99789762772648,-93.6495160593915,239000
1377,SWISU,42.00920107315978,-93.65440698123398,91000
1378,Edwards,42.024964775147254,-93.65333600179478,117000
1379,BrDale,42.05381271605552,-93.63012629813437,83000
1380,Timber,41.99728317176007,-93.64868045401344,167500
1381,Edwards,42.02497904251621,-93.65780948905656,58500
1382,NAmes,42.04311650601242,-93.61974637066282,237500
1383,OldTown,42.030487718243954,-93.61482410643976,157000
1384,Sawyer,42.033861475779176,-93.67308168872151,112000
1385,Edwards,42.022961516063674,-93.65757504614564,105000
1386,IDOTRR,42.02061502522532,-93.62367934264714,125500
1387,NWAmes,42.04424032576834,-93.62824099058707,250000
1388,OldTown,42.02826469600143,-93.61330601920439,136000
1389,Gilbert,42.10702493807547,-93.63829912825082,377500
1390,BrkSide,42.030392122706495,-93.6259290765816,131000
1391,CollgCr,42.019680330400504,-93.66654720858435,235000
1392,NAmes,42.0396305860942,-93.61662270708895,124000
1393,NAmes,42.039208292008574,-93.6162141712456,123000
1394,OldTown,42.029752241917485,-93.61792728676443,163000
1395,Blmngtn,42.05769140475237,-93.64262188422549,246578
1396,Timber,41.99799621564533,-93.6443279592444,281213
1397,Timber,41.99975174592682,-93.64531685163828,160000
1398,BrkSide,42.02745892560238,-93.62796412193872,137500
1399,NAmes,42.03931900038091,-93.61923296495375,138000
1400,SWISU,42.008151563882016,-93.65550016565103,137450
1401,BrkSide,42.02802984708745,-93.62690413432719,120000
1402,Gilbert,42.10239880485677,-93.64158394549864,193000
1403,CollgCr,42.018114944833,-93.66740459238581,193879
1404,Somerst,42.048215122348736,-93.64513348112708,282922
1405,OldTown,42.02828816912421,-93.6182287553172,105000
1406,Crawfor,42.01504547751168,-93.63030283468139,275000
1407,CollgCr,42.01870718434043,-93.66545545409423,133000
1408,Mitchel,41.99716429102709,-93.60904832415638,112000
1409,OldTown,42.03098115810229,-93.61724968069308,125500
1410,NWAmes,42.04314342876072,-93.63064239503046,215000
1411,CollgCr,42.020001794464235,-93.66711042492695,230000
1412,NAmes,42.047422123912746,-93.62479586141727,140000
1413,NAmes,42.042736071449355,-93.61390799153698,90000
1414,SawyerW,42.03135197411919,-93.68414368345874,257000
1415,BrkSide,42.0317160586199,-93.626257179684,207000
1416,Blmngtn,42.05964526866836,-93.6361255956821,175900
1417,OldTown,42.02835830412792,-93.6167692917329,122500
1418,NoRidge,42.04950485723083,-93.65769873891857,340000
1419,NAmes,42.03892894788798,-93.61669894947967,124000
1420,Crawfor,42.017632475637505,-93.58308028193662,223000
1421,NWAmes,42.043631684399784,-93.62749599188734,179900
1422,NPkVill,42.0480187460505,-93.62780000842535,127500
1423,CollgCr,42.02069758579623,-93.66082244827425,136500
1424,Edwards,42.02227325423324,-93.65387273132772,274970
1425,NAmes,42.044044890722866,-93.62533460764361,144000
1426,NAmes,42.04715697057172,-93.62404490314518,142000
1427,NoRidge,42.054271674989,-93.65873239987354,271000
1428,NAmes,42.04590508890872,-93.62400229088576,140000
1429,OldTown,42.033019313106784,-93.61665488716675,119000
1430,NWAmes,42.042433266246476,-93.62838481472494,182900
1431,Gilbert,42.10599920461121,-93.63698689686454,192140
1432,NPkVill,42.04893697165786,-93.62415503746962,143750
1433,OldTown,42.03356520138778,-93.61367513967176,64500
1434,Gilbert,42.11072175402687,-93.64700288108489,186500
1435,Mitchel,41.98757514544683,-93.6008365018034,160000
1436,NAmes,42.04092760522543,-93.61381100780412,174000
1437,NAmes,42.0387927723853,-93.62252468825338,120500
1438,NridgHt,42.06633817866373,-93.65229179395384,394617
1439,OldTown,42.030490784827535,-93.6131899442682,149700
1440,NWAmes,42.04424421056115,-93.63675555005072,197000
1441,Crawfor,42.00583993153255,-93.62337306723143,191000
1442,CollgCr,42.018841678624696,-93.66365635849334,149300
1443,Somerst,42.051590775014084,-93.64150228366901,310000
1444,BrkSide,42.03136548947883,-93.62858507784357,121000
1445,CollgCr,42.02227517815393,-93.66414395158735,179600
1446,Sawyer,42.03009506879288,-93.67728593337603,129000
1447,Mitchel,41.99371316943518,-93.60578162916975,157900
1448,CollgCr,42.019156767387805,-93.6636868819853,240000
1449,Edwards,42.0221093747215,-93.66089993717127,112000
1450,MeadowV,41.991310076559465,-93.60264622613246,92000
1451,NAmes,42.04637042521233,-93.61452848203248,136000
1452,Somerst,42.0550569443212,-93.64420260329693,287090
1453,Edwards,42.02329558196175,-93.66251586758219,145000
1454,Mitchel,41.99360044155149,-93.61017686040445,84500
1455,Somerst,42.046217523655166,-93.64217142138459,185000
1456,Gilbert,42.10941371541541,-93.65508687961145,175000
1457,NWAmes,42.04491373372014,-93.62906380760084,210000
1458,Crawfor,42.010318825163225,-93.60120131227882,266500
1459,NAmes,42.04041883962913,-93.61593946274773,142125
1460,Edwards,42.02372031639711,-93.65886494017163,147500
